condition,sequence,shape,frames,path_m,speed_m_s,features_per_ping,sonar_odometry_t_err_pct,sonar_odometry_r_err_deg_m,sonar_odometry_ate_m,sonar_slam_t_err_pct,sonar_slam_r_err_deg_m,sonar_slam_ate_m,imu_dead_reckoning_t_err_pct,imu_dead_reckoning_r_err_deg_m,imu_dead_reckoning_ate_m,sonar_imu_slam_t_err_pct,sonar_imu_slam_r_err_deg_m,sonar_imu_slam_ate_m
compensated,00,closed circle, exact revisit,37,32.6,2.27,24.2,3.819,0.4653,0.411,2.822,0.2522,0.107,8.864,0.0505,0.335,7.359,0.3192,0.405
compensated,01,open 270 degree arc,81,22.6,0.71,16.5,8.697,1.1788,0.499,8.697,1.1788,0.499,10.961,0.1458,0.467,8.030,0.5150,0.228
compensated,02,open 270 degree arc,81,22.6,0.71,16.4,4.578,0.5603,0.209,4.578,0.5603,0.209,17.219,0.1575,0.690,10.945,0.2075,0.416
compensated,03,open 270 degree arc,81,22.6,0.71,16.8,4.940,0.7031,0.225,4.940,0.7031,0.225,20.354,0.1417,0.696,11.947,0.5147,0.382
compensated,04,circle, 1.25 laps, revisit at new heading,126,35.3,0.71,22.8,0.828,0.0645,0.037,0.779,0.0543,0.036,14.715,0.1508,1.120,5.227,0.0736,0.369
compensated,05,figure eight, self crossing,121,31.5,0.66,23.2,0.660,0.1050,0.041,0.660,0.1050,0.041,18.719,0.5065,1.570,7.201,0.1976,0.627
compensated,06,lawnmower survey, three 10 m legs,132,39.3,0.75,21.9,0.719,0.0694,0.074,0.719,0.0694,0.074,30.732,0.4925,3.457,11.281,0.1526,1.233
compensated,07,random smooth heading walk,101,35.0,0.88,28.3,1.021,0.0790,0.115,1.021,0.0790,0.115,29.528,0.2956,0.729,14.988,0.1195,0.363
compensated,08,circle, two laps, fast,101,50.2,1.26,23.7,38.903,5.6453,3.087,38.197,5.5330,3.024,9.888,0.0781,1.060,4.127,0.1210,0.306
compensated,09,S curve, slow,81,20.0,0.62,24.0,0.872,0.0500,0.029,0.872,0.0500,0.029,30.154,0.6731,0.967,10.327,0.2126,0.372
raw,00,closed circle, exact revisit,37,32.6,2.27,10.5,18.042,1.8955,1.146,18.042,1.8955,1.146,8.864,0.0505,0.335,3.423,0.1819,0.071
raw,01,open 270 degree arc,81,22.6,0.71,12.3,4.593,0.6707,0.258,4.593,0.6707,0.258,10.961,0.1458,0.467,7.295,0.4097,0.221
raw,02,open 270 degree arc,81,22.6,0.71,10.2,12.610,1.5352,0.714,12.610,1.5352,0.714,17.219,0.1575,0.690,9.499,0.2903,0.324
raw,03,open 270 degree arc,81,22.6,0.71,13.9,17.925,2.1052,0.858,17.925,2.1052,0.858,20.354,0.1417,0.696,11.449,0.2915,0.398
raw,04,circle, 1.25 laps, revisit at new heading,126,35.3,0.71,6.8,44.309,5.9333,3.530,44.309,5.9333,3.530,14.715,0.1508,1.120,10.025,0.1523,0.874
raw,05,figure eight, self crossing,121,31.5,0.66,8.2,40.789,5.8980,3.521,40.789,5.8980,3.521,18.719,0.5065,1.570,10.833,0.3497,0.868
raw,06,lawnmower survey, three 10 m legs,132,39.3,0.75,5.8,64.681,9.9090,3.860,64.681,9.9090,3.860,30.732,0.4925,3.457,23.925,0.3556,2.689
raw,07,random smooth heading walk,101,35.0,0.88,7.7,49.843,1.7457,4.301,49.843,1.7457,4.301,29.528,0.2956,0.729,19.374,0.2428,0.522
raw,08,circle, two laps, fast,101,50.2,1.26,7.4,74.073,12.5163,3.925,74.073,12.5163,3.925,9.888,0.0781,1.060,7.537,0.0817,0.819
raw,09,S curve, slow,81,20.0,0.62,6.1,63.221,5.7716,3.244,63.221,5.7716,3.244,30.154,0.6731,0.967,21.970,0.4903,0.805
