frame_id,time_s,before_x,before_y,after_x,after_y,after_yaw,gt_x,gt_y,gt_yaw,aligned_x,aligned_y
150,0.0,0.0,0.0,0.0,0.0,0.0,0.11131449999999997,1.423999,-1.5707963267948968,0.3756370239872062,1.4167796771755234
153,0.20013999938964844,0.0015000708045630243,0.0022795788879602426,0.0009740797831801509,-0.0028765826753018716,0.00019986919183690235,0.11544742017599997,1.423999,-1.5707963267948968,0.3727135238717362,1.4176022988301702
155,0.33327317237854004,0.0018527811212784829,0.004581242151530567,0.000978243470242674,-0.004012685408085354,0.00010133671787390113,0.12076127864344217,1.423999,-1.5707963267948968,0.3717740142042592,1.418241101100396
158,0.5332839488983154,0.005707666928301678,0.011178491652911017,0.004317232761416715,-0.0025775062312366017,0.002259169644701152,0.13046958454128427,1.423999,-1.5707963267948968,0.3710703496379672,1.414675509293363
161,0.7334229946136475,0.006280282277483423,0.01710165367084404,0.004378331684005301,-0.0018119229480459264,0.0016576138110545975,0.14053264999999998,1.423999,-1.5707963267948968,0.3716673299328705,1.4141923267509013
164,0.9334170818328857,0.004597897883969685,0.02474754776012396,0.01305585856493941,0.003630003748891836,0.008673200302775266,0.1505354563636363,1.423999,-1.5707963267948968,0.37125091204592314,1.4039580395218068
166,1.0672290325164795,0.010921473647643292,0.028253031485457797,0.027610333404137485,0.005398785186085877,0.019905341962806602,0.1572352302752293,1.423999,-1.5707963267948968,0.36448233762815613,1.390952358994877
169,1.2673239707946777,0.015833173281254866,0.034234963668484185,0.042801117936410685,0.009216003549811537,0.0312994262680255,0.1671777292384476,1.423999,-1.5707963267948968,0.35904378669215,1.376263817390661
172,1.4672081470489502,0.02105386194661216,0.03976693853706649,0.02233397414435219,-0.0030738905922996487,0.012822368741465636,0.17702303040023326,1.4239988407462958,-1.5707933973176975,0.3604760571863773,1.4000943455900203
175,1.667212963104248,0.02116170001233304,0.047476217763244094,0.018568775492575167,0.0150800041788641,0.011572393423853966,0.1872370770642201,1.423999,-1.5707963267948968,0.3775794221287329,1.392937843378854
177,1.8000991344451904,0.025163806426696262,0.05197505871774283,0.015074381557428016,0.014124270948086267,0.008075385795552899,0.19381253909999996,1.423999,-1.5707963267948968,0.3787664252076002,1.3963605964627275
180,1.999979019165039,0.027590636861314903,0.05736457775149272,0.01870344158653645,0.02153072381768906,0.015649949485822722,0.20385379744036686,1.423999,-1.5707963267948968,0.38282440794315886,1.3891801788618892
183,2.199982166290283,0.03560683233012823,0.06128259389261164,0.009734512207001568,0.014192494794897332,0.003926904701866681,0.21332629359999994,1.423999,-1.5707963267948968,0.3818413207255319,1.4007268164213074
186,2.4001009464263916,0.037936650654696084,0.06760160252562107,-0.01755663879617007,0.007900651051636778,-0.007528095419677429,0.22386384676746074,1.423999,-1.5707963267948968,0.39207890179076926,1.4267956897130363
188,2.5378000736236572,0.03931202055831908,0.0734175216324216,-0.02720424111976923,0.009253702252279575,-0.013411385483848454,0.23074129999999998,1.423999,-1.5707963267948968,0.39864878793539327,1.4339889903596486
191,2.7340550422668457,0.03625165531868387,0.07912196150845727,-0.020388234568110456,0.008489343286653591,-0.007957277499562099,0.24051424140909078,1.423999,-1.5707963267948968,0.39416520215664436,1.4287986485110622
194,2.9343690872192383,0.032595855930739215,0.08524583362672136,-0.01228898346325159,0.011079347418139197,-0.0044500373985792855,0.2506214036697247,1.423999,-1.5707963267948968,0.39172316976610333,1.4206535599502041
197,3.13401198387146,0.03653856693812618,0.08996132412048682,0.0013405787216161321,0.010724064050569018,0.0048844645111912385,0.26050987431192657,1.423999,-1.5707963267948968,0.38372533417884247,1.4096115575257526
199,3.2671141624450684,0.03543921157746438,0.09459818833689494,-0.0022985524303778203,0.015981311321615496,-0.0008615432790218851,0.26717357603599956,1.423999,-1.5707963267948968,0.3901191614302561,1.4096415156535205
202,3.4673030376434326,0.029704789168254656,0.0988471521577928,-0.03251133661273883,0.011273584896779548,-0.02175377590439587,0.27728235415596325,1.423999,-1.5707963267948968,0.40331505367842746,1.4372249063790217
205,3.6671860218048096,0.03596347126362884,0.10562436886919929,-0.011018067291586447,0.026895674118218773,-0.004180904277111978,0.28714803211009166,1.423999,-1.5707963267948968,0.4040513993949597,1.4106642570507402
207,3.799955129623413,0.03985136421488718,0.10853313614298933,-0.011542663997069314,0.016865183288711935,-0.004786830694164427,0.29338863635999995,1.423999,-1.5707963267948968,0.3960739353007971,1.4167672083540501
210,4.000141143798828,0.04587811865235872,0.11491427961807084,-0.004658016069491102,0.02239041640011529,-0.00025663034932803946,0.30388265359633027,1.423999,-1.5707963267948968,0.39673974702157033,1.407964750017055
213,4.199953079223633,0.03851265841103628,0.12082857279980466,0.003461038907003016,0.024542183542294222,0.0041148737669196404,0.31385915,1.423999,-1.5707963267948968,0.39392502370922033,1.4000510600926006
216,4.399952173233032,0.03319447375351187,0.12467086891418236,-0.018656488667800758,0.0279210906190236,-0.0021317925441372517,0.32373178363636357,1.423999,-1.5707963267948968,0.40921523766869017,1.4163854225267152
218,4.533403158187866,0.028836045539374817,0.12891677367970725,-0.011965850555667656,0.036591296906874966,-0.0021892994501887535,0.33050385321100906,1.423999,-1.5707963267948968,0.41258496908254794,1.405965152586839
221,4.733221054077148,0.03574325263330987,0.13396338004083158,-0.01405769975992587,0.046785078572094005,-0.004567282369787697,0.3405450898508168,1.423999,-1.5707963267948968,0.42217620178864057,1.4019281644881334
224,4.933218002319336,0.03374055117774232,0.13756459866599652,-0.0037333673029721847,0.043725082569467215,0.008398340994645046,0.35044274090690075,1.423999,-1.5707963267948968,0.4138157253843582,1.395141571048768
227,5.133341073989868,0.021678022490769274,0.14155000347931368,-0.017299747621830997,0.04490364073507681,0.00017533472488697323,0.36048808990825687,1.423999,-1.5707963267948968,0.4224569527409944,1.4056660598285884
229,5.26714015007019,0.025112592392498703,0.14489927903404518,-0.0391482339718828,0.0420206500833419,-0.011155298575285516,0.36711849999999996,1.423999,-1.5707963267948968,0.43242972252917194,1.425318333326543
232,5.467174053192139,0.020023825453707043,0.1488053220933032,-0.05273321993871575,0.04323171376241999,-0.02457756840280183,0.37716936238532106,1.423999,-1.5707963267948968,0.44110828098840316,1.435839794347881
235,5.667348146438599,0.012500094844621548,0.15282653137319938,-0.05229656065983434,0.045645239553693887,-0.019513970227544367,0.386764575616,1.423999,-1.5707963267948968,0.44285232341116465,1.43411523814451
238,5.867169141769409,0.00900093441143343,0.15751375131013406,-0.05443218001394251,0.04373905766886213,-0.029682640444113763,0.39704238744647774,1.423999,-1.5707963267948968,0.4424872012758284,1.4369544431793726
240,5.999955177307129,0.006628276739150289,0.15974343244824374,-0.04959225096251326,0.0421744866382648,-0.020491609598517414,0.4038224495412844,1.423999,-1.5707963267948968,0.4384606043434624,1.433846499666869
243,6.20006799697876,0.008678541920150374,0.16596039711571006,-0.03688076904688648,0.04601797353075368,-0.008829653269477298,0.41371589999999997,1.423999,-1.5707963267948968,0.4344452672938631,1.4211882520645285
246,6.399933099746704,-0.007526746820929161,0.17142755625024791,-0.06955777098767281,0.04299461600986104,-0.03527003834801773,0.42383560887155947,1.423999,-1.5707963267948968,0.45042359079836336,1.4498521723219326
249,6.599944114685059,-0.023743330584727492,0.17673164040581157,-0.051852844848502555,0.049867663504712355,-0.023858833836819478,0.4337256972477064,1.423999,-1.5707963267948968,0.4460845126767626,1.4313622942121504
251,6.733222961425781,-0.03282929129175063,0.1781509276748001,-0.07091554131150202,0.05570450295276115,-0.03475823840071383,0.440152824608,1.423999,-1.5707963267948968,0.4616753516049415,1.4437873025702295
254,6.933379173278809,-0.04549292859924671,0.1808696133228862,-0.08126075514134862,0.0670186286639084,-0.04245407762472923,0.45046039888990824,1.423999,-1.5707963267948968,0.4768563533640054,1.4459250760344187
257,7.133208990097046,-0.05177574566143233,0.18820175217778448,-0.08080950532145587,0.0774508784198412,-0.04148783655209707,0.46041130366972477,1.423999,-1.5707963267948968,0.4852066858838897,1.4396555139940943
260,7.333203077316284,-0.05631428011738188,0.19547046760701323,-0.121600516340404,0.07459269789579544,-0.06818769893236303,0.4705121449785907,1.423999,-1.5707963267948968,0.5059080964818363,1.4749191975100178
262,7.467270135879517,-0.06320951299310815,0.1988871019574803,-0.13233061473485583,0.0775925524795204,-0.07112329392013855,0.47706459973394494,1.423999,-1.5707963267948968,0.5144483417920908,1.4820744996782558
265,7.66776704788208,-0.05535991655465995,0.20489532035088684,-0.13380828945593562,0.07266485792965817,-0.08042962883671806,0.48711376575229354,1.423999,-1.5707963267948968,0.5112188793661464,1.4860790306866853
268,7.880527019500732,-0.04625476455946716,0.20891866596845193,-0.14243585770895453,0.07105538072961404,-0.08125707922593976,0.49773785,1.423999,-1.5707963267948968,0.5147683920400693,1.494105630875783
270,8.000086069107056,-0.039689959142291266,0.21240679085703543,-0.14208561507734913,0.07206090419099188,-0.08234716499379571,0.5037227201834862,1.423999,-1.5707963267948968,0.5153998433566145,1.4932482998036711
273,8.199934005737305,-0.038758385317831046,0.21501441419915984,-0.11937919731147828,0.07202131386939037,-0.07448281421488648,0.513206495728,1.423999,-1.5707963267948968,0.5025312885364351,1.4745404599499667
276,8.399927139282227,-0.0430445555428091,0.2167848057702298,-0.13051190489374156,0.08137309478092597,-0.08380083251945822,0.5237467752293578,1.423999,-1.5707963267948968,0.5165387471352381,1.4784371364739244
279,8.600095987319946,-0.04557483188600664,0.22012446693145443,-0.11133144875216425,0.0829799372637362,-0.06560103009395851,0.5335548000287231,1.423999,-1.5707963267948968,0.5070215324961764,1.46170708966952
281,8.733199119567871,-0.044927353624649405,0.22412077995131988,-0.08679346268036874,0.08244892002406157,-0.038032524123759966,0.5405137431192661,1.423999,-1.5707963267948968,0.49271222390400066,1.441766216384171
284,8.933174133300781,-0.03621096447634565,0.22682382434675888,-0.09526815201560374,0.07930982901290487,-0.05402130864399648,0.5504547660550458,1.423999,-1.5707963267948968,0.49491355643374896,1.4505313967473203
287,9.133311033248901,-0.04257741720373965,0.23253575535939305,-0.10005972520377385,0.08161052460568141,-0.04654806248161958,0.5601946328,1.423999,-1.5707963267948968,0.49952003718484356,1.4531833222587192
290,9.333191156387329,-0.04291565066495389,0.23725595967991034,-0.10039383928056803,0.08317287409662448,-0.04097458860215268,0.5703710835492405,1.423999,-1.5707963267948968,0.5009976724640688,1.4525757351211404
292,9.467122077941895,-0.03500019281679347,0.2408003453460917,-0.09784291565284121,0.08340684371971939,-0.044523472579142326,0.5770951788990826,1.423999,-1.5707963267948968,0.4997486383177267,1.450339249744417
295,9.667219161987305,-0.03311596670972391,0.24762530891013812,-0.10397110389238583,0.08173275307332419,-0.055179115622925476,0.58707245,1.423999,-1.5707963267948968,0.5018319571793328,1.4563406706688744
298,9.867110967636108,-0.04411402129308556,0.25408914831441404,-0.11419304195190717,0.07877100028484908,-0.0676274161065781,0.59721705,1.423999,-1.5707963267948968,0.5051672902104407,1.4664468841459555
301,10.067137002944946,-0.031248019047625565,0.25970452542500577,-0.08436229996688119,0.07496399571238643,-0.037046731903665656,0.6069703361284404,1.423999,-1.5707963267948968,0.48516367806392735,1.443991997099172
303,10.200051069259644,-0.02716263500615166,0.26191979794746256,-0.07751660135228675,0.07631808283847194,-0.029648289505691344,0.6136650872492069,1.423999,-1.5707963267948968,0.48241078525034403,1.4375796088838646
306,10.399892091751099,-0.04024974836431901,0.26727726484718767,-0.10093587361762008,0.08877929977080067,-0.05010644522840895,0.623711097321101,1.423999,-1.5707963267948968,0.5059287490257557,1.4498535496011238
309,10.599902153015137,-0.04164909942911775,0.271059710300489,-0.1062070514491866,0.09184234507919634,-0.05110985049645478,0.6337566,1.423999,-1.5707963267948968,0.5114352015025289,1.4524701396367083
312,10.800055027008057,-0.048358418244886396,0.2772084254434863,-0.11407892665715968,0.10444549210411327,-0.055391603808543854,0.64381425,1.423999,-1.5707963267948968,0.5262813258026042,1.4518390077263381
314,10.933318138122559,-0.05236976997712926,0.28116921899041764,-0.12538651647361349,0.1114604688556608,-0.061971272266349596,0.6505253005853265,1.423999,-1.5707963267948968,0.5384600465312234,1.4572009334714622
317,11.133156061172485,-0.06010271025651443,0.28758762245367386,-0.14174770186899696,0.1236190668184483,-0.08912502557192084,0.6604474179098372,1.423999,-1.5707963267948968,0.5577384601019989,1.4638238227319698
320,11.333318948745728,-0.05647050003772829,0.2912366345003905,-0.13507992093204552,0.13127473699786632,-0.08041709101023495,0.6703961873302753,1.423999,-1.5707963267948968,0.5602842353752122,1.453995922815024
322,11.467097997665405,-0.052811871654510116,0.29193739483121567,-0.06722001036770123,0.13080292575211044,-0.01710985264671994,0.6770664,1.423999,-1.5707963267948968,0.5215339586933848,1.3982859046429372
325,11.667102098464966,-0.0569662221559868,0.29883710330291585,-0.07051938115898237,0.13889659203954394,-0.020724036486003503,0.6870494790727273,1.423999,-1.5707963267948968,0.5300754441153135,1.3964321764056609
328,11.867195129394531,-0.061225201110404345,0.30186947240616113,-0.08148970862397704,0.1409469868044621,-0.027787475819566487,0.6969961605504588,1.423999,-1.5707963267948968,0.5379682937885957,1.404322368254798
331,12.067108154296875,-0.05687677011619204,0.3068515072580779,-0.07800403266770488,0.14230186266536113,-0.028034466122397086,0.7065952932575185,1.423999,-1.5707963267948968,0.5371154663824264,1.4006811719011434
333,12.200541973114014,-0.06023934014632315,0.3121682243669034,-0.086813211941827,0.13920345454049518,-0.03545306247492968,0.7136844974817953,1.423999,-1.5707963267948968,0.5395394442440667,1.4096992705764817
336,12.400676012039185,-0.043386338179301265,0.31652138752363496,-0.06661658365229929,0.14355493259481572,-0.02147921868276082,0.7237139587155964,1.423999,-1.5707963267948968,0.5317118024681451,1.3905794593914718
339,12.600537061691284,-0.04391722442557266,0.3202397286242925,-0.08883070079481477,0.15677581486956807,-0.05508298799282688,0.7337263576,1.423999,-1.5707963267948968,0.5551751319874334,1.4014298463160728
342,12.800493955612183,-0.037776028229246014,0.3250473852694327,-0.06627045385717491,0.17224841075857097,-0.01314542049335709,0.7437362484113781,1.423999,-1.5707963267948968,0.5551850021187971,1.3740735697417255
344,12.933295011520386,-0.03873669757767709,0.3267073820817103,-0.0826597572084213,0.16456020595671775,-0.0415377520688558,0.7503883119266055,1.423999,-1.5707963267948968,0.5581079486794691,1.391939015183076
347,13.133157968521118,-0.033048534724403444,0.33213908583478635,-0.09636440915972344,0.1521891215329579,-0.047503662148686704,0.7602292984605646,1.423999,-1.5707963267948968,0.5556504218714374,1.4102371510693876
350,13.333162069320679,-0.036926013901207366,0.3374482251623452,-0.12499491617817267,0.16196054462245063,-0.08575284302856373,0.7703245715596331,1.423999,-1.5707963267948968,0.5798955123688142,1.4283303052471796
353,13.533269166946411,-0.042028722625616306,0.3447741340633633,-0.07515079166006139,0.1748528778677138,-0.012970793363130383,0.780388624102056,1.423999,-1.5707963267948968,0.5623534312424455,1.3799265409799266
355,13.6670560836792,-0.03620669617799263,0.3490176935120201,-0.08066533935492251,0.18239995473627552,-0.02655425276817286,0.7870166174311927,1.423999,-1.5707963267948968,0.5716962779023876,1.3802090685497075
358,13.867062091827393,-0.046848631869943105,0.35482799151750793,-0.0932190253263908,0.18279706167315576,-0.036129193175209615,0.7970975422018349,1.423999,-1.5707963267948968,0.5791204222959165,1.3903399522926785
361,14.067448139190674,-0.06578558944997907,0.3603640852532992,-0.08638021228513718,0.18869573008209145,-0.022289936289049617,0.8070144004321061,1.423999,-1.5707963267948968,0.5801201861760137,1.3813642002352824
364,14.26704216003418,-0.06099715842929765,0.3647467008793188,-0.08887445342049717,0.18175544757548542,-0.03085166054472138,0.8171072745454546,1.423999,-1.5707963267948968,0.5758052300472292,1.3873449956438788
366,14.399846076965332,-0.051844570763087204,0.36752972938322837,-0.0709455533441313,0.1863803684583507,-0.009548240841407318,0.823434834032,1.423999,-1.5707963267948968,0.5694850902989463,1.3699412263773305
369,14.599982023239136,-0.048278405270378875,0.3716634672706907,-0.06850121962566022,0.19213035247679716,-0.01617921428115039,0.8337096259170372,1.423999,-1.5707963267948968,0.5728463977050282,1.3646744725325544
